sku,name_pl,name_en,ean,sell_price_pln,average_cost_pln,stock,qty_sold_90d,image_1,image_2,image_3,image_4,image_5,description_pl,description_en,features,weight_kg,temu_commission_pct,shipping_cost_pln,temu_margin_pct,margin_ok,exclude_reason
SX7666-010,Skarpetki Nike długie czarne bawełnowe 6 sztuk uniwersalne,,SX7666-010,60.0,50.0,102,349,https://i1.t4s.cz//products/sx7666-010/nike-u-nk-everyday-cush-crew-6pr-bd-173719-sx7666-011-960.webp,,,,,,,"{""Kolor"": ""Czarny"", ""Materiał"": ""Bawełna"", ""Ilość w opakowaniu"": ""6 sztuk"", ""Typ"": ""Długie"", ""Typ produktu"": ""Skarpetki  "", ""Gatunek"": ""Odzież  "", ""Przeznaczenie"": ""Codzienne użytkowanie  "", ""Pielęgnacja"": ""Pranie ręczne  "", ""Styl"": ""Sportowy"", ""Rozmiar"": ""Uniwersalny""}",0,12.0,15.0,-20.33,False,Margin -20.33% < 15.0% threshold
SX7666-100,Nike Skarpetki Everyday Cushion Crew 6-pack Białe z Amortyzacją,,SX7666-100,60.0,50.0,23,114,https://i1.t4s.cz//products/sx7666-100/nike-u-nk-everyday-cush-crew-6pr-bd-173717-sx7666-101-960.webp,https://upload.cdn.baselinker.com/products/5020043/6d59bd4c06dfb63693b0078c07b9fa7f.jpg,https://upload.cdn.baselinker.com/products/5020043/f2225c9985ff5d4d1e4473b1750321ab.jpg,https://upload.cdn.baselinker.com/products/5020043/369cde76f23190e232095145972c03ba.jpg,https://upload.cdn.baselinker.com/products/5020043/ec0524c7a1d024cdd578efee73634155.jpg,"<section class=""section"">
	<div class=""item item-12"">
		<section class=""text-item"">
<p><b>Nike Skarpetki Everyday Cushion Crew 6-pack Białe z Amortyzacją</b></p>
<p>Nike</p>
		</section>
	</div>
</section>

<section class=""section"">
	<div class=""item item-12"">
		<section class=""image-item""><img src=""https://i1.t4s.cz//products/sx7666-100/nike-u-nk-everyday-cush-crew-6pr-bd-173717-sx7666-101-960.webp"" /></section>
	</div>
</section>

<section class=""section"">
	<div class=""item item-12"">
		<sectio",,"{""Fason"": ""skarpetki"", ""Kolor"": ""biały"", ""Materiał dominujący"": ""poliester"", ""Cechy dodatkowe"": ""brak"", ""Długość stopy"": ""24"", ""Kod producenta"": ""SX7666-100"", ""Kolor dodatkowy"": ""czarny"", ""Liczba sztuk w zestawie"": ""6"", ""Linia"": ""regular"", ""Nazwa koloru producenta"": ""Biały"", ""Odcień"": ""śmietanka (ivory)"", ""Płeć"": ""mężczyzna"", ""Skład materiałowy"": ""69% bawełna"", ""Waga produktu z opakowaniem jednostkowym"": ""0.26"", ""Wzór dominujący"": ""bez wzoru"", ""Zestaw"": ""nie"", ""EAN"": ""194954124803"", ""Stan"": ""Nowy"", ""Rozmiar"": ""35-38"", ""Marka"": ""Nike"", ""Model"": ""Everyday""}",0,12.0,15.0,-20.33,False,Margin -20.33% < 15.0% threshold
DD0559-010,Nike Elemental Plecak Wielokomorowy Duży,,194958681180,94.8,79.0,0,15,https://upload.cdn.baselinker.com/products/5020043/1bab780993564151bcb7688b9b039932.jpg,https://a.allegroimg.com/original/11352c/1f7dffdd472a8cee190ff7fc5201,https://a.allegroimg.com/original/11119b/bdeb260e43e3b38f1b49a08fbe27,https://a.allegroimg.com/original/11b7be/e16cbf814248b6ddc831a5c61e36,https://a.allegroimg.com/original/1188ba/a5724ae14d0888f9f3360dc06d06,"<section class=""section"">
	<div class=""item item-12"">
		<section class=""text-item"">
<p><b>Nike Elemental Plecak Wielokomorowy Duży</b></p>
<p>Nike</p>
		</section>
	</div>
</section>

<section class=""section"">
	<div class=""item item-12"">
		<section class=""image-item""><img src=""https://upload.cdn.baselinker.com/products/5020043/1bab780993564151bcb7688b9b039932.jpg"" /></section>
	</div>
</section>

<section class=""section"">
	<div class=""item item-12"">
		<section class=""text-item"">
<p><b>NIKE Eleme","From workouts to getting to work, the Nike Backpack has you covered. A large zipped compartment offers room for shoes or an extra set of clothes for the gym and your books and laptop for school. 2 exterior pockets help keep electronics and small essentials organised and stored securely. This product is made from at least 65% recycled polyester fibres.

Colour Shown: Black/Black/White
Style: DD0559-010","{""Stan opakowania"": ""oryginalne"", ""Kod producenta"": ""dd0559-010"", ""Kolor"": ""czarny"", ""Typ"": ""wielokomorowy"", ""Wielkość"": ""duża (mieszcząca A4)"", ""Bohater / Bajka"": ""brak"", ""Płeć"": ""chłopcy|dziewczynki"", ""Cechy dodatkowe"": ""usztywniane plecy"", ""Liczba kieszeni"": ""4"", ""Wysokość produktu"": ""44"", ""Szerokość produktu"": ""28"", ""Głębokość produktu"": ""14"", ""Waga produktu z opakowaniem jednostkowym"": ""0.43"", ""EAN"": ""194958681180"", ""Stan"": ""Nowy"", ""Marka"": ""Nike"", ""Pojemność"": ""21""}",0.4,12.0,15.0,-11.16,False,Margin -11.16% < 15.0% threshold
DB0456-010,Nike Saszetka Heritage na ramię czarna z kieszenią na telefon,,195237317127,61.7,51.42,1,12,https://images-na.ssl-images-amazon.com/images/I/61xRL7Xbs5L.jpg,https://upload.cdn.baselinker.com/products/5020043/596cd7c555a110a251844981e3651317.jpg,https://upload.cdn.baselinker.com/products/5020043/2562cc4048f28db47588eac0f5fa79e4.jpg,https://upload.cdn.baselinker.com/products/5020043/02802978c830aea2a32f162285ca2075.jpg,https://upload.cdn.baselinker.com/products/5020043/4fb797051b21987f8841db2c002f5a21.jpg,"<section class=""section"">
	<div class=""item item-12"">
		<section class=""text-item"">
<h1>Saszetka Nike Listonoszka na ramię TORBA SPORTOWA Czarna</h1> <p>Przeznaczenie: szkoła, trening, użytek codzienny</p> <p>Producent: Nike</p> <p>Symbol: DB0456-010</p> <p>Rozmiar: uniwersalny</p>
		</section>
	</div>
</section>

<section class=""section"">
	<div class=""item item-12"">
		<section class=""text-item"">
<p>WYGODNE PRZECHOWYWANIE</p> <p>Torba Nike Crossbody FA21 dzięki licznym kieszeniom i wygodnemu pas",,"{""Stan opakowania"": ""oryginalne"", ""EAN"": ""195237317127"", ""Kod producenta"": ""DB0456-010"", ""Kolor"": ""czarny"", ""Typ"": ""saszetka"", ""Rodzaj"": ""na ramię"", ""Wzór dominujący"": ""logo"", ""Materiał dominujący"": ""poliester"", ""Waga produktu z opakowaniem jednostkowym"": ""0.16"", ""Płeć"": ""produkt uniseks"", ""Kolor dodatkowy"": ""czarny"", ""Cechy dodatkowe"": ""brak"", ""Liczba kieszeni"": ""2"", ""Liczba komór"": ""1"", ""Nazwa koloru producenta"": ""Czarny"", ""Długość paska"": ""130"", ""Głębokość produktu"": ""7"", ""Rodzaje kieszonek"": ""miejsce na telefon"", ""Szerokość produktu"": ""15"", ""Wysokość"": ""23"", ""Zapięcie"": ""zamek"", ""Stan"": ""Nowy"", ""Marka"": ""Nike"", ""Model"": ""Heritage"", ""Pojemność"": ""4"", ""Waga"": ""150""}",0.4,12.0,15.0,-19.65,False,Margin -19.65% < 15.0% threshold
8809724476168,DR.JART+ TIGER GRASS KOREKTOR KOLORY NARUSZONY PIELĘGNACJA DZIENNA,,8809724476168,47.96,39.97,1,9,https://upload.cdn.baselinker.com/products/5020043/7776c6cd87abc347f143f8ba8762ed7f.jpg,https://upload.cdn.baselinker.com/products/5020043/c8682da7db640c3868095b19a5f9529a.jpg,https://upload.cdn.baselinker.com/products/5020043/3f234ca0156b98c81dfe422a671052fe.jpg,https://upload.cdn.baselinker.com/products/5020043/492c75dd0d7290ccdd90071b0991d2fc.jpg,https://upload.cdn.baselinker.com/products/5020043/97e80c89dd88dd3cac963030d17ab6f6.jpg,"<section class=""section"">
	<div class=""item item-12"">
		<section class=""text-item"">
<p>Na sprzedaż:</p> <p>NOWY</p> <h1>DR. JART + Cicapair Tiger Grass Color Correcting Treatment - krem korygujący zaczerwienienia</h1> <p><b>Wersja miniaturka / travel size: 15ml</b></p> <p><b>UWAGA OFERTA OKAZYJNA - PRODUKT BEZ KARTONIKA</b></p> <p>Pielęgnacja korygująca odcień skóry (zieleń/beż). Pokrywa zaczerwienienia, chroni skórę przed szkodliwym działaniem promieniowania UV i niesprzyjającymi czynnikami zew",,"{""Stan opakowania"": ""oryginalne"", ""EAN"": ""8809724476168"", ""Kod producenta"": ""8809724476168"", ""Rodzaj"": ""na dzień"", ""Działanie"": ""ochrona UV"", ""Konsystencja"": ""krem"", ""Typ skóry"": ""Do wszystkich typów skóry"", ""Wielkość"": ""Miniaturka"", ""Opakowanie"": ""słoiczek"", ""Linia"": ""Cicapair"", ""Waga produktu z opakowaniem jednostkowym"": ""0.05"", ""Produkt nie zawiera"": ""aluminium|amoniaku|siarczanów|silikonów"", ""Grupa wiekowa"": ""uniwersalny"", ""Składnik wiodący"": ""wąkrota azjatycka"", ""Faktor (SPF)"": ""30"", ""Certyfikaty zgodności"": ""CE"", ""Stan"": ""Nowy"", ""Marka"": ""Dr. Jart+"", ""Pojemność"": ""15""}",0,12.0,15.0,-26.62,False,Margin -26.62% < 15.0% threshold
8809835060041,Tocobo - Cotton Soft Sun Stick SPF50+ PA++++ - SPF Filter Cream in Stick - 19g,,8809835060041,42.0,35.0,33,9,https://a.allegroimg.com/original/11f16e/4a9fccbc42a594ebd100a8e115d9,https://upload.cdn.baselinker.com/products/5020043/6b600e6af90ca08848e406492ecd3743.jpg,https://upload.cdn.baselinker.com/products/5020043/87d3a868277d526666f09c8f01ea8d02.jpg,https://upload.cdn.baselinker.com/products/5020043/af7d0c3d41d0cd8ebd696232bad9ccf8.jpg,https://upload.cdn.baselinker.com/products/5020043/d82176789c9f7c5cf4335c47085f2879.jpg,"<section class=""section"">
	<div class=""item item-12"">
		<section class=""text-item"">
<p><b>Tocobo Cotton Soft Sun Stick SPF50 PA </b>&nbsp;<b>Sztyft Przeciwsłoneczny</b>&nbsp;to niezwykle skuteczny i wyjątkowo łatwy w użyciu produkt, który zapewnia ochronę przeciwsłoneczną na wysokim poziomie. Produkt ten jest wzbogacony o naturalne składniki, które pomagają nawilżać i odżywiać skórę, jednocześnie chroniąc ją przed szkodliwym działaniem słońca. Formuła zawiera:</p> <ul> <li>filtr chemiczny - chro",,"{""EAN"": ""8809835060041"", ""Kod producenta"": ""Tocobo01"", ""Faktor (SPF)"": ""50"", ""Rodzaj"": ""krem"", ""Opakowanie"": ""roll-on"", ""Produkt nie zawiera"": ""SLES"", ""Wielkość"": ""Produkt pełnowymiarowy"", ""Waga produktu z opakowaniem jednostkowym"": ""0.07"", ""Certyfikaty zgodności"": ""CE"", ""Stan"": ""Nowy"", ""Marka"": ""Tocobo"", ""Pojemność"": ""19""}",0,12.0,15.0,-31.05,False,Margin -31.05% < 15.0% threshold
DM3976-010,Nike Torba Sportowa Brasilia OS Czarna z Białym Logo Uniseks 41L,,195244773824,96.0,80.0,0,6,https://a.allegroimg.com/original/117a7d/fe2e740c4b83991737a08bac2412,https://a.allegroimg.com/original/11201f/16c41d0343a09a5c5963847fd93e,https://a.allegroimg.com/original/119e0d/875b763c4757800c12ae9478f4fd,https://a.allegroimg.com/original/1129fc/d4af6881463fb32a3229ff1f4045,https://a.allegroimg.com/original/117ee3/5f2cd9884194a557872276d82927,"<section class=""section"">
	<div class=""item item-6"">
		<section class=""image-item""><img src=""https://a.allegroimg.com/original/117a7d/fe2e740c4b83991737a08bac2412"" /></section>
	</div>
	<div class=""item item-6"">
		<section class=""text-item"">
<h1>Torba sportowa NIKE Brasilia 9.5 41L Czarna r S Treningowa</h1> <h2>Torba sportowa Nike idealna na trening</h2> <p>Przeznaczenie: szkoła, trening, użytek codzienny</p> <p>Producent: Nike</p> <p>Symbol: DM3976-010</p> <p>Rozmiar: uniwersalny</p>
		</secti",,"{""Stan opakowania"": ""oryginalne"", ""EAN"": ""195244773824"", ""Kod producenta"": ""DM3976-010"", ""Materiał dominujący"": ""poliester"", ""Rodzaj"": ""sportowa"", ""Kolor"": ""czarny"", ""Wzór dominujący"": ""logo"", ""Waga produktu z opakowaniem jednostkowym"": ""0.5"", ""Płeć"": ""uniseks"", ""Kolor dodatkowy"": ""biały"", ""Wysokość"": ""28"", ""Szerokość (dłuższy bok)"": ""51"", ""Głębokość (krótszy bok)"": ""28"", ""Cechy dodatkowe"": ""na ramię"", ""Długość paska"": ""130"", ""Liczba komór"": ""1"", ""Liczba kieszeni"": ""2"", ""Nazwa koloru producenta"": ""Czerń"", ""Stan"": ""Nowy"", ""Marka"": ""Nike"", ""Model"": ""Academy Team"", ""Pojemność"": ""41""}",0.4,12.0,15.0,-10.96,False,Margin -10.96% < 15.0% threshold
DD0562-010,Nike Elemental Torba Sportowa Zamek Czarna Duża A4 21L,,194958681234,95.17,79.31,0,6,https://images-na.ssl-images-amazon.com/images/I/51LPKfYGitL.jpg,https://upload.cdn.baselinker.com/products/5020043/79a20252884e393b048c1d07276f8105.jpg,https://upload.cdn.baselinker.com/products/5020043/5207077e07a28b59e449347219c3332b.jpg,https://upload.cdn.baselinker.com/products/5020043/0a0cdbe0cb32a87aa4b8541cc8957078.jpg,https://upload.cdn.baselinker.com/products/5020043/944376d1d00b14f6bc7600db3be4b009.jpg,"<section class=""section"">
	<div class=""item item-12"">
		<section class=""text-item"">
<p><b>Nike Elemental Torba Sportowa Zamek Czarna Duża A4 21L</b></p>
<p>Nike</p>
		</section>
	</div>
</section>

<section class=""section"">
	<div class=""item item-12"">
		<section class=""image-item""><img src=""https://images-na.ssl-images-amazon.com/images/I/51LPKfYGitL.jpg"" /></section>
	</div>
</section>

<section class=""section"">
	<div class=""item item-12"">
		<section class=""text-item"">
<h1>ND05_P8496 DD0562 010",,"{""Stan opakowania"": ""oryginalne"", ""Kolor"": ""czarny"", ""Materiał dominujący"": ""poliester"", ""Rodzaj"": ""sportowy"", ""Wzór dominujący"": ""logo"", ""Cechy dodatkowe"": ""na zamek|z kieszonkami"", ""Głębokość (krótszy bok)"": ""12"", ""Kod producenta"": ""DD0562-010"", ""Liczba kieszeni"": ""4"", ""Liczba komór"": ""2"", ""Nazwa koloru producenta"": ""black"", ""Płeć"": ""uniseks"", ""Szerokość (dłuższy bok)"": ""28"", ""Waga produktu z opakowaniem jednostkowym"": ""0.43"", ""Wielkość"": ""duża (mieszcząca A4)"", ""Wysokość"": ""44"", ""Zapięcie"": ""zamek"", ""EAN"": ""194958681234"", ""Stan"": ""Nowy"", ""Marka"": ""Nike"", ""Model"": ""DD0562-010"", ""Pojemność"": ""21""}",0.4,12.0,15.0,-11.1,False,Margin -11.1% < 15.0% threshold
6245CM,"Czapka ""Make Europe Great Again"" Regulowana Wysokiej Jakości Bawełny Chino",Classic Dad Hat | Yupoong 6245CM (Dark Grey / One size),,77.86,64.88,3,6,https://upload.cdn.baselinker.com/products/5020043/e67bdd3d899a4906330452f62c79232e.png,,,,,"Podkreśl swoją europejską dumę i styl z czapką „Make Europe Great Again”. Klasyczny „dad hat” łączy modny wygląd z przesłaniem jedności Europy. Wykonana w 100% z bawełny chino, jest trwała i wygodna. Ma uniwersalny rozmiar, regulowany pasek z metalową klamrą i niskoprofilowy krój, który dobrze leży na każdej głowie. Haftowane otwory wentylacyjne i 6-panelowa konstrukcja dodają jej elegancji. Wariant Green Camo nadaje lekko militarny charakter. To nie tylko modny dodatek, ale też symbol wsparcia ","Emphasise your European pride and style with the 'Make Europe Great Again' hat. The classic 'dad hat' combines a fashionable look with a message of European unity. Made from 100% cotton chino, it is durable and comfortable. It has a universal size, an adjustable strap with metal buckle and a low-profile cut that fits well on any head. Embroidered vents and a 6-panel design add to its elegance. The Green Camo variant gives a slightly military feel. It is not only a fashionable accessory, but also","{""Kolor"": ""Niebieski"", ""Materiał"": ""Bawełna"", ""Styl"": ""Sportowy"", ""Szerokość"": ""22 cm"", ""Rozmiar"": ""Regulowany""}",0,12.0,15.0,-14.59,False,Margin -14.59% < 15.0% threshold
769915195927,The Ordinary Krem Nawilżający 30 ml z Kwasem Hialuronowym,The Ritual of Ayurveda Body Oil 100ml,769915195927,29.86,24.88,0,5,https://m.media-amazon.com/images/I/41m9nuhpNGL.jpg,https://a.allegroimg.com/original/118614/7aaae10a4ad28729aad22a4c3de9,https://a.allegroimg.com/original/1172b2/c3544e81496da9c496d5524561ec,https://a.allegroimg.com/original/11eaf1/c63f593a49abb7cefcf717818cea,https://upload.cdn.baselinker.com/products/5020043/73a703605e3d61ae1b19021de9e2ace2.jpg,"<section class=""section"">
	<div class=""item item-6"">
		<section class=""image-item""><img src=""https://m.media-amazon.com/images/I/41m9nuhpNGL.jpg"" /></section>
	</div>
	<div class=""item item-6"">
		<section class=""text-item"">
<h1>The Ordinary - Natural Moisturizing Factors + HA - Krem Nawilżający z Kwasem Hialuronowym - 30ml</h1> <p><b>The Ordinary - Natural Moisturizing Factors + HA&nbsp;</b>- krem zawierający składniki&nbsp;<b>NMF</b>&nbsp;(naturalnego czynnika nawilżającego), które posiadają wł",,"{""Stan opakowania"": ""oryginalne"", ""EAN"": ""0769915195927"", ""Kod producenta"": ""769915195927"", ""Rodzaj"": ""na dzień"", ""Działanie"": ""wielozadaniowy"", ""Konsystencja"": ""krem"", ""Typ skóry"": ""Do wszystkich typów skóry"", ""Wielkość"": ""Produkt pełnowymiarowy"", ""Opakowanie"": ""tubka"", ""Linia"": ""krem"", ""Waga produktu z opakowaniem jednostkowym"": ""0.04"", ""Produkt nie zawiera"": ""alkoholu|olejów mineralnych|silikonów"", ""Grupa wiekowa"": ""uniwersalny"", ""Składnik wiodący"": ""Kwas hialuronowy"", ""Stan"": ""Nowy"", ""Marka"": ""The Ordinary"", ""Pojemność"": ""30""}",0,12.0,15.0,-45.56,False,Margin -45.56% < 15.0% threshold
24k-gold-holika-próbka,Holika 24K Złoty Krem Naprawczy do Skóry,,,0.01,0.01,1,5,https://a.allegroimg.com/s1024/0c81cd/3bd2cb8c4c78a8d2acd840f4329c,,,,,,,,0.01,12.0,15.0,-150012.0,False,Margin -150012.0% < 15.0% threshold
8719134161311,Rituals BODY CREAM - THE RITUAL OF SAKURA,THE RITUAL OF SAKURA body cream 220 ml,8719134161311,61.79,51.49,0,5,https://m.media-amazon.com/images/I/61IAfikHUQL.jpg,https://upload.cdn.baselinker.com/products/5020043/48c282e1897d689dab60b8eff5f3f971.jpg,https://upload.cdn.baselinker.com/products/5020043/542a6f2e285162dfabdd351b8292edd7.jpg,https://upload.cdn.baselinker.com/products/5020043/1abfe940507aaac10b6a7b2c1aaa5c8e.jpg,https://upload.cdn.baselinker.com/products/5020043/4647f0d82b86bd8337f1d8c045ae241d.jpg,"<section class=""section"">
	<div class=""item item-12"">
		<section class=""text-item"">
<p><b>Rituals BODY CREAM - THE RITUAL OF SAKURA</b></p>
		</section>
	</div>
</section>

<section class=""section"">
	<div class=""item item-12"">
		<section class=""text-item"">
<p>Rituals THE RITUAL OF SAKURA Body Cream Detailsnull krem do ciała, 220 ml</p>
		</section>
	</div>
</section>

<section class=""section"">
	<div class=""item item-12"">
		<section class=""text-item"">
<p>Specjalna technologia sprawia, że ​​ten ak",,"{""Stan opakowania"": ""oryginalne"", ""EAN"": ""8719134161311"", ""Kod producenta"": ""8719134161311"", ""Rodzaj"": ""krem"", ""Opakowanie"": ""słoiczek"", ""Waga produktu z opakowaniem jednostkowym"": ""0.34"", ""Linia"": ""The Ritual of sakura"", ""Składnik wiodący"": ""japońska wiśnia, mleczko ryżowe"", ""Produkt nie zawiera"": ""alkoholu"", ""Wielkość"": ""Produkt pełnowymiarowy"", ""Zapach"": ""japońska wiśnia"", ""Certyfikaty zgodności"": ""CE"", ""Stan"": ""Nowy"", ""Marka"": ""Rituals"", ""Pojemność"": ""220"", ""Waga"": ""355""}",340,12.0,15.0,-19.61,False,Margin -19.61% < 15.0% threshold
8809844997987,Dr. Jart+ Pianka Oczyszczająca Cicapair do Twarzy 150 ml,,8809844997987,21.12,17.6,0,4,https://esentia.pl/external/images/mediums/10410872/https-cdn-notinoimg-com-google-dr-jart-8809844997987-01-o-jpg.jpg,,,,,,,,0,12.0,15.0,-66.36,False,Margin -66.36% < 15.0% threshold
194502876079,"Nike Męskie Dunk Low Retro Sneaker, Biało-Czarno-Białe, 44.5 EU",,194502876079,454.5,378.75,0,4,https://images-na.ssl-images-amazon.com/images/I/41sRHCPaZwL.jpg,https://upload.cdn.baselinker.com/products/5020043/1de77bfbc8825d694c4bebef9b59acfd.jpg,https://upload.cdn.baselinker.com/products/5020043/1699705b3b72449cfec432522c53a935.jpg,https://upload.cdn.baselinker.com/products/5020043/8cb95aee5fec92bf9ad23333782a98e5.jpg,https://upload.cdn.baselinker.com/products/5020043/6b80add78ff9aebdd9ff00d232b9c646.jpg,"<section class=""section"">
	<div class=""item item-12"">
		<section class=""text-item"">
<h1>Buty męskie Nike Dunk Low Panda DD1391-100</h1>
		</section>
	</div>
</section>

<section class=""section"">
	<div class=""item item-6"">
		<section class=""image-item""><img src=""https://images-na.ssl-images-amazon.com/images/I/71ePG4AfL4L.jpg"" /></section>
	</div>
	<div class=""item item-6"">
		<section class=""text-item"">
<p><b>Sneakersy sportowe Nike Dunk Low Retro biało-czarne</b></p> <p>Trampki męskie stworzone ",,"{""Stan opakowania"": ""oryginalne"", ""EAN"": ""194502876079"", ""Kod producenta"": ""DD1391-100"", ""Długość wkładki"": ""28.5"", ""Kolor"": ""biały"", ""Wysokość"": ""niskie"", ""Materiał zewnętrzny"": ""skóra naturalna"", ""Materiał wkładki"": ""tkanina"", ""Zapięcie"": ""sznurowane"", ""Płeć"": ""mężczyzna"", ""Waga produktu z opakowaniem jednostkowym"": ""1"", ""Kolor dodatkowy"": ""czarny"", ""Kolor podeszwy"": ""czarny"", ""Ocieplenie"": ""nie"", ""Wzór dominujący"": ""logo"", ""Materiał podeszwy"": ""syntetyk"", ""Cechy dodatkowe"": ""oddychające"", ""Rozmiar US"": ""10.5"", ""Rozmiar UK"": ""9.5"", ""Nazwa koloru producenta"": ""Panda"", ""Stan"": ""Nowy"", ""Marka"": ""Nike"", ""Model"": ""Dunk Low Retro"", ""Rozmiar"": ""44,5"", ""Waga"": ""1""}",1111,12.0,15.0,1.37,False,Margin 1.37% < 15.0% threshold
031655531908,"Nautica Voyage, Woda toaletowa spray 100 ml - Męska elegancja",,031655531908,62.4,52.0,0,4,https://images-na.ssl-images-amazon.com/images/I/61hrvNougIL.jpg,https://upload.cdn.baselinker.com/products/5020043/f61aeca5cbaa9abd5137664e670f3845.jpg,https://upload.cdn.baselinker.com/products/5020043/d9874af23299961d9d9c24656ca4e853.jpg,https://upload.cdn.baselinker.com/products/5020043/4becd23560f6a81c901032ca855754f6.jpg,https://upload.cdn.baselinker.com/products/5020043/795e997836e75281e799d6a960a77695.jpg,"<section class=""section"">
	<div class=""item item-6"">
		<section class=""image-item""><img src=""https://images-na.ssl-images-amazon.com/images/I/41gju5KZcuL.jpg"" /></section>
	</div>
	<div class=""item item-6"">
		<section class=""text-item"">
<h2>Nautica Voyage Woda Toaletowa 100 ml</h2><p>Męska Woda Toaletowa</p><p>EAN: 031655531908</p><p>Nautica Voyage&nbsp;marki&nbsp;Nautica&nbsp;to drzewno - wodne perfumy dla mężczyzn.</p><p>Nuty zapachowe:</p><p>Nuty głowy: zielone listki, wodne tony</p><p>Nuty s",,"{""Stan opakowania"": ""oryginalne"", ""Kod producenta"": ""031655531908"", ""Linia"": ""Voyage"", ""Pojemność opakowania"": ""100"", ""Grupa zapachowa"": ""drzewna"", ""Waga produktu z opakowaniem jednostkowym"": ""0.37"", ""EAN"": ""031655531908"", ""Stan"": ""Nowy"", ""Marka"": ""nautica""}",380,12.0,15.0,-19.37,False,Margin -19.37% < 15.0% threshold
DC4244-010,Plecak Nike Heritage Backpack czarny DC4244,,194958500108,90.0,75.0,20,4,,,,,,,,,0,12.0,15.0,-12.0,False,Margin -12.0% < 15.0% threshold
196975930227,Nike Sneakers Niskie Kobiece Białe FV5951 111 Rozmiar 38,,196975930227,364.8,304.0,0,3,https://images-na.ssl-images-amazon.com/images/I/51IK7G6LZ5L.jpg,https://a.allegroimg.com/original/113e61/9ce1d7e14eff9b5f2bb144083117,https://a.allegroimg.com/original/113af7/381a629d4b54959f881327e47e91,https://a.allegroimg.com/original/1178be/7005d255487eb5f904f8775b848f,https://a.allegroimg.com/original/116ea3/2f8e740b43d8a1174d45742fb391,"<section class=""section"">
	<div class=""item item-6"">
		<section class=""text-item"">
<p><b>Nike Sportswear AIR FORCE 1 UNISEX - Sneakersy niskie 38</b></p> <p>Nike Sportswear AIR FORCE 1 UNISEX - Sneakersy niskie</p> <ul> <li>Nosek buta:&nbsp;Okrągły</li> <li>Kształt obcasa:&nbsp;Płaski</li> <li>Zapięcie:&nbsp;Sznurowanie</li> <li>Wzór:&nbsp;Kolor jednolity</li> <li>Wysokość obcasa:&nbsp;Bez obcasa</li> </ul> <p>Długość wkładki&nbsp;</p> <p>rozmiar 38-24cm</p> <p>Szczegóły</p> <ul> <li><b>Stan:</b",,"{""Stan opakowania"": ""oryginalne"", ""Kod producenta"": ""FV5951 111"", ""Długość wkładki"": ""24"", ""Kolor"": ""biały"", ""Materiał zewnętrzny"": ""skóra naturalna"", ""Wysokość"": ""niskie"", ""Zapięcie"": ""sznurowane"", ""Materiał wkładki"": ""tworzywo sztuczne"", ""Płeć"": ""kobieta"", ""Kolor podeszwy"": ""biały"", ""Wzór dominujący"": ""bez wzoru"", ""Cechy dodatkowe"": ""oddychające"", ""Nosek"": ""okrągły"", ""Ocieplenie"": ""nie"", ""Nazwa koloru producenta"": ""White"", ""EAN"": ""0196975930227"", ""Stan"": ""Nowy"", ""Marka"": ""Nike"", ""Model"": ""FV5951 111"", ""Rozmiar"": ""38"", ""Waga"": ""1""}",889,12.0,15.0,0.55,False,Margin 0.55% < 15.0% threshold
9A0631-K5X,Jordan Torba na ramię Airborne - Czarno-złota elegancja z logo,,0196923858122,69.47,57.89,0,3,https://upload.cdn.baselinker.com/products/5020043/3f43197a51a4396cc168fe7067a8dfcc.jpg,https://upload.cdn.baselinker.com/products/5020043/46963a40d8f178416c7ed9d7dd0e73ee.jpg,https://upload.cdn.baselinker.com/products/5020043/c5ead439d051ede17e00fee59623c582.jpg,https://upload.cdn.baselinker.com/products/5020043/2ed898591947b79430900d0aa73d1431.jpg,https://upload.cdn.baselinker.com/products/5020043/ccd5f46ee1ab493a21cd6c9b99040d48.jpg,"<section class=""section"">
	<div class=""item item-6"">
		<section class=""image-item""><img src=""https://upload.cdn.baselinker.com/products/5020043/3f43197a51a4396cc168fe7067a8dfcc.jpg"" /></section>
	</div>
	<div class=""item item-6"">
		<section class=""text-item"">
<h1>Listonoszka JORDAN</h1> <p><b>Producent:</b> Jordan</p> <p><b>Kolor</b>: Czarny</p> <p><b>Logo:</b> Zloty metalowy Jumpman na przodzie</p> <p><b>Materiał:</b> Poliester</p> <p><b>Ilość komór</b>: 2 na zamek</p> <p><b>Regulowany pasek</b",,"{""Stan opakowania"": ""oryginalne"", ""EAN"": ""0196923858122"", ""Kod producenta"": ""9A0631-K5X"", ""Kolor"": ""czarny"", ""Typ"": ""saszetka"", ""Rodzaj"": ""na ramię"", ""Wzór dominujący"": ""logo"", ""Materiał dominujący"": ""syntetyk"", ""Waga produktu z opakowaniem jednostkowym"": ""0.4"", ""Płeć"": ""produkt uniseks"", ""Kolor dodatkowy"": ""czarny"", ""Cechy dodatkowe"": ""miejsce na telefon"", ""Liczba kieszeni"": ""2"", ""Liczba komór"": ""1"", ""Nazwa koloru producenta"": ""Black"", ""Długość paska"": ""130"", ""Głębokość produktu"": ""4"", ""Rodzaje kieszonek"": ""miejsce na klucze|miejsce na telefon"", ""Szerokość produktu"": ""13"", ""Wysokość"": ""18"", ""Zapięcie"": ""zamek"", ""Stan"": ""Nowy"", ""Marka"": ""Jordan"", ""Model"": ""Jordan Airborne sling bag metal logo"", ""Pojemność"": ""1"", ""Waga"": ""0.3""}",0,12.0,15.0,-16.92,False,Margin -16.92% < 15.0% threshold
194276338162,Nike Air Jordan 1 MID Szare Sneakersy Damskie Rozmiar 41 EU,,194276338162,480.0,400.0,0,3,https://images-na.ssl-images-amazon.com/images/I/7161JcLZBUL.jpg,https://images-na.ssl-images-amazon.com/images/I/714G5jdCX-S.jpg,https://images-na.ssl-images-amazon.com/images/I/71GADEkxJsS.jpg,https://images-na.ssl-images-amazon.com/images/I/71dWBB0il+S.jpg,,,,"{""Waga"": ""1""}",1.021,12.0,15.0,1.54,False,Margin 1.54% < 15.0% threshold
SX7669-010-38,Skarpety Nike Everyday Cushioned 6-par czarne 38-42,,888408284464,60.0,50.0,12,3,,,,,,,,,0,12.0,15.0,-20.33,False,Margin -20.33% < 15.0% threshold
SX7664-010,"Nike Skarpety U NK Everyday Cushion Crew, 3 pary, kolor czarny",,,39.0,32.5,2,3,https://www.sportclub.com.pl/pol_pl_skarpety-sportowe-NIKE-COTTON-CUSHION-CREW-3-pary-SX7664-010-39869_2.jpg,,,,,,,"{""Kolor"": ""Czarny  "", ""Rodzaj"": ""Skarpety  "", ""Materiał"": ""Bawełna  "", ""Ilość w opakowaniu"": ""3 pary"", ""Rozmiar"": ""Uniwersalny  ""}",0,12.0,15.0,-33.79,False,Margin -33.79% < 15.0% threshold
X0021CZT2H,Maison Alhambra Maitre De Blue EDP 100ml - Męska Woda Perfumowana,,6291107459165,40.27,33.56,14,2,https://i.ebayimg.com/images/g/-kAAAOSw0cdnd3yK/s-l1600.webp,https://upload.cdn.baselinker.com/products/5020043/8e856cd1ae25bbdd66bcba81e1f5877e.jpg,https://upload.cdn.baselinker.com/products/5020043/4b04d7d920e0fbcfc68fc645f2a604be.jpg,https://upload.cdn.baselinker.com/products/5020043/8031debea0ad713be0606fc8a0111ff2.jpg,https://upload.cdn.baselinker.com/products/5020043/562192facae24cf4d008899f82357302.jpg,"<section class=""section"">
	<div class=""item item-12"">
		<section class=""text-item"">
<p><b>Maison Alhambra Maitre De Blue EDP 100ml - Męska Woda Perfumowana</b></p>
<p>Maison Alhambra</p>
		</section>
	</div>
</section>

<section class=""section"">
	<div class=""item item-12"">
		<section class=""image-item""><img src=""https://i.ebayimg.com/images/g/-kAAAOSw0cdnd3yK/s-l1600.webp"" /></section>
	</div>
</section>

<section class=""section"">
	<div class=""item item-12"">
		<section class=""text-item"">
<p><b>M",,"{""Grupa zapachowa"": ""drzewna"", ""Kod producenta"": ""6291107459165"", ""Pojemność opakowania"": ""100"", ""Rodzaj"": ""woda perfumowana"", ""Waga produktu z opakowaniem jednostkowym"": ""0.432"", ""EAN"": ""6291107459165"", ""Stan"": ""Nowy"", ""Marka"": ""Maison Alhambra"", ""Waga"": ""376""}",0,12.0,15.0,-32.59,False,Margin -32.59% < 15.0% threshold
FB5369-010,Czapka bejsbolowa Nike UNISEX czarna z regulowanym zapięciem L/XL,,196606811529,55.2,46.0,0,2,https://upload.cdn.baselinker.com/products/5020043/87e23fb2983b9241effaa989887dbc50.jpg,https://upload.cdn.baselinker.com/products/5020043/6fcf730efcb9585b1806ce722171805b.jpg,https://upload.cdn.baselinker.com/products/5020043/98296dbad0fa6fb861cfcc28cdf36f1a.jpg,https://upload.cdn.baselinker.com/products/5020043/c08df7441608cb84c2d4cdd75c47562e.jpg,https://upload.cdn.baselinker.com/products/5020043/78f3a6bb806c8075c0c9fbbe0221edc1.jpg,"<section class=""section"">
	<div class=""item item-12"">
		<section class=""text-item"">
<p><b>Poszukujesz firmowej odzieży w super cenie?</b></p> <p><b>To bardzo dobrze trafiłeś!</b></p> <p><b>Nasze ubrania pochodzą z nadwyżek magazynowych znanych modowych portali.</b></p> <p><b>-oryginalności towaru</b></p> <p><b>-niskiej ceny</b></p>
		</section>
	</div>
</section>

<section class=""section"">
	<div class=""item item-12"">
		<section class=""text-item"">
<h2>Czapka z daszkiem Nike Club FB5369-010 S/M</h",,"{""EAN"": ""0196606811512"", ""Kod producenta"": ""FB5369-010"", ""Kolor"": ""czarny"", ""Wzór dominujący"": ""logo"", ""Materiał dominujący"": ""bawełna"", ""Waga produktu z opakowaniem jednostkowym"": ""0.3"", ""Płeć"": ""uniseks"", ""Nazwa koloru producenta"": ""czarny black"", ""Skład materiałowy"": ""100% poliester"", ""Cechy dodatkowe"": ""regulowane zapięcie"", ""Stan"": ""Nowy"", ""Marka"": ""Nike"", ""Model"": ""Bejsbolówka Nike Czarna"", ""Rozmiar"": ""M/L""}",0,12.0,15.0,-22.51,False,Margin -22.51% < 15.0% threshold
8435527813000,InnovaGoods Silikonowa Myjka do Pędzli w Kształcie Serce,,8435527813000,12.0,10.0,1,2,https://upload.cdn.baselinker.com/products/5020043/0ed5bb7342e4a2febd35b711c4e244ee.jpg,https://upload.cdn.baselinker.com/products/5020043/1e3287d9a3cf823e98201ed6b2d67baf.jpg,https://upload.cdn.baselinker.com/products/5020043/4b6c58bfa2e2b0bd7484a7c2ab7bcb16.jpg,https://upload.cdn.baselinker.com/products/5020043/81c666452e6b777cc3834e28290b0998.jpg,https://upload.cdn.baselinker.com/products/5020043/68390049508a42f03efefc64f0eb777c.jpg,"<section class=""section"">
	<div class=""item item-12"">
		<section class=""text-item"">
<p>Maszynka do Czyszczenia Pędzli do Makijażu Heart InnovaGoods</p> <p>V0101013</p> <p><b>InnovaGoods</b> ułatwia priorytetyzowanie higieny osobistej bez żadnych usprawiedliwień, ponieważ oferuje najlepsze i najnowsze produkty dla urody, relaksu i dobrego samopoczucia! <b>Maszynka do Czyszczenia Pędzli do Makijażu Heart InnovaGoods</b> Jest tego dobrym przykładem! Odkryj szeroką gamę wysokiej jakości produktów, k",,"{""Stan opakowania"": ""oryginalne"", ""EAN"": ""8435527813000"", ""Kod producenta"": ""0101013"", ""Stan"": ""Nowy"", ""Marka"": ""InnovaGoods""}",0.02,12.0,15.0,-120.33,False,Margin -120.33% < 15.0% threshold
X001WHDZEV,Nike Koszulka Męska Sportswear Club AR4997-101 Biała XL Bawełna,,0191888618392,62.4,52.0,0,2,https://upload.cdn.baselinker.com/products/5020043/d144bf39cacad2639a420764b18323d9.jpg,https://upload.cdn.baselinker.com/products/5020043/a8ad9bc31ffd33c151614acd9793f491.jpg,https://upload.cdn.baselinker.com/products/5020043/908cdb5a54f15644358da17e77595ade.jpg,https://upload.cdn.baselinker.com/products/5020043/361e24e23cf6948cf5a854fc77af1d66.jpg,https://a.allegroimg.com/original/1138d9/5ea7da35463798d7abd6dcdb0c85,"<section class=""section"">
	<div class=""item item-12"">
		<section class=""text-item"">
<p><b>Oryginalna Klasyczna Koszulka Męska Regular Fit</b></p> <p><b>marki Nike</b></p> <p><b>Outletowa Okazja -50%</b></p> <p>Bez ubrudzeń oraz bez defektu. Asortyment pochodzi ze stocku z poprzedniej kolekcji, klasyczna i stylowa koszulka znanej i renomowanej marki Nike.</p> <p><b>Symbol modelu: Nike Club Tee</b></p> <ul> <li><b>Kolor:</b> Biały</li> <li><b>Dostępne rozmiary:</b> S M L XL XXL</li> </ul> <p><b>Wy",,"{""EAN"": ""191888618392"", ""Kod producenta"": ""AR4997 101"", ""Linia"": ""regular"", ""Kolor"": ""biały"", ""Dekolt"": ""okrągły"", ""Materiał dominujący"": ""bawełna"", ""Wzór dominujący"": ""bez wzoru"", ""Waga produktu z opakowaniem jednostkowym"": ""0.5"", ""Płeć"": ""mężczyzna"", ""Nazwa koloru producenta"": ""BIAŁA BIAŁY WHITE KOSZULKA SPORTOWA MĘSKA BAWEŁNA"", ""Skład materiałowy"": ""100% bawełna"", ""Liczba kieszeni"": ""0"", ""Długość całkowita"": ""83"", ""Długość rękawa"": ""27"", ""Szerokość pod pachami"": ""69"", ""Szerokość w ramionach"": ""51"", ""Szerokość na dole produktu"": ""69"", ""Stan"": ""Nowy"", ""Marka"": ""Nike"", ""Model"": ""AR4997 101"", ""Rozmiar"": ""XL""}",0.5,12.0,15.0,-19.37,False,Margin -19.37% < 15.0% threshold
X00241U187,Clarins Extra firming Neck & Decollete krem na dekolt 75ml,,3380810343281,188.89,157.41,4,2,https://mccartans.ie/cdn/shop/products/2020_Extra_Firming_Neck_and_decollete_packshot_RVB_8278b607-b122-488e-9a93-cf572c31301a.jpg?v=1630539447,https://upload.cdn.baselinker.com/products/5020043/1fbd9dea3d86b30f31bb601d1a4fb662.jpg,https://upload.cdn.baselinker.com/products/5020043/9c2b972927c063574cce32ebe37f8261.jpg,https://upload.cdn.baselinker.com/products/5020043/351772dbc0380c71179adf683fb97b28.jpg,https://upload.cdn.baselinker.com/products/5020043/446c3e9b4828e3d0cfd6f1b67aefc4ff.jpg,"<section class=""section"">
	<div class=""item item-6"">
		<section class=""text-item"">
<h1>Clarins Extra-Firming Krem do dekoltu 75 ml (W) (P2)</h1> <p>kategoria: EN</p> <ul> <li><b>| pojemność / gramatura:</b> 75 ml</li> <li><b>Producent:</b> Clarins</li> <li><b>Typ skóry:</b> Wszystkie rodzaje skóry</li> <li><b>Płeć:</b> W</li> <li><b>Marka:</b> Clarins</li> <li><b>Ean:</b> 3380810343281</li> <li><b>ID:</b> 113383</li> <li><b>Skóra z problemami:</b> Linie mimiczne i zmarszczki</li> <li><b>Skóra we","The expert anti-ageing care for the neck and decollete that firms the skin and smoothes wrinkles to preserve the youthful beauty of this delicate area.

For women at age 40 who would like to preserve the beauty and youthful qualities of their neck and decollete or women aged 25-30 as a preventive treatment.

How to use: Apply to the neck and decollete morning and/or evening.","{""Stan opakowania"": ""oryginalne"", ""EAN"": ""3380810343281"", ""Kod producenta"": ""3380810343281"", ""Rodzaj"": ""dzień i noc"", ""Działanie"": ""ujędrniający"", ""Konsystencja"": ""krem"", ""Typ skóry"": ""Do wszystkich typów skóry"", ""Wielkość"": ""Produkt pełnowymiarowy"", ""Opakowanie"": ""tubka"", ""Linia"": ""Extra-Firming Neck and Décolleté"", ""Waga produktu z opakowaniem jednostkowym"": ""0.3"", ""Produkt nie zawiera"": ""PEG|silikonów"", ""Stan"": ""Nowy"", ""Marka"": ""Clarins"", ""Pojemność"": ""75""}",0,12.0,15.0,-3.28,False,Margin -3.28% < 15.0% threshold
VN000H4XY281,VANS Plecak Old Skool w Kratę - Stylowy i Funkcjonalny Rucksack,,197063464150,116.4,97.0,0,2,https://upload.cdn.baselinker.com/products/5020043/12190c3eb26f6d6498f04ceb3d033bcc.jpg,https://upload.cdn.baselinker.com/products/5020043/7b13277e89f5b2b681410df1899118ed.jpg,https://upload.cdn.baselinker.com/products/5020043/9cec64d0b0b1da338bcfbf0c1a4d5079.jpg,https://upload.cdn.baselinker.com/products/5020043/7f28ed579425b410c7af055a4569365a.jpg,https://upload.cdn.baselinker.com/products/5020043/0bdffa4fce09b0516baaffdd58527867.jpg,"<section class=""section"">
	<div class=""item item-12"">
		<section class=""text-item"">
<h2>Czarno-biały plecak Vans Old Skool Check Backpack Black/White</h2> <p>VANS</p> <p>Wyobraź sobie ten plecak jako wiernego towarzysza w Twoich przygodach. Jego czarno-biały szachownicowy wzór jest jak tajemnicza mapa, która kusi Cię do odkrywania nowych miejsc i ukrytych zakątków świata. Jego design jest inspirowany kultowymi butami Vans, co nadaje Twojemu stylowi odrobinę skateparkowej kreatywności.</p> <p>Z p",,"{""EAN"": ""197063464150"", ""Kod producenta"": ""Check Backpack Black-White VN000H4XY281"", ""Rodzaj"": ""miejski"", ""Kolor"": ""wielokolorowy"", ""Wzór dominujący"": ""bez wzoru"", ""Materiał dominujący"": ""poliester"", ""Płeć"": ""uniseks"", ""Kolor dodatkowy"": ""czarny"", ""Nazwa koloru producenta"": ""Black/White"", ""Wielkość"": ""duża (mieszcząca A4)"", ""Wysokość"": ""0"", ""Głębokość (krótszy bok)"": ""12"", ""Szerokość (dłuższy bok)"": ""22"", ""Zapięcie"": ""zamek"", ""Liczba komór"": ""1"", ""Liczba kieszeni"": ""2"", ""Cechy dodatkowe"": ""na zamek"", ""Waga produktu z opakowaniem jednostkowym"": ""0.42"", ""Stan"": ""Nowy"", ""Marka"": ""Vans"", ""Model"": ""Check Backpack Black-White VN000H4XY281"", ""Pojemność"": ""22""}",0,12.0,15.0,-8.22,False,Margin -8.22% < 15.0% threshold
888408294739,"Nike Skarpety Everyday Lightweight XL, 6 par, czarne, bawełniane",,888408294739,60.0,50.0,0,2,https://sportgrand.pl/hpeciai/844f2b61263fde2993512584441e15bc/pol_pm_Skarpety-Nike-Everyday-Lightweight-NS-6Pak-M-SX7679-010-81080_1.jpg,https://upload.cdn.baselinker.com/products/5020043/d913e9eeea5a1c49d160b8b7640efbc1.jpg,https://upload.cdn.baselinker.com/products/5020043/b0695bc009c604d1c3dc99976427d654.jpg,https://upload.cdn.baselinker.com/products/5020043/d64f26c6ff7f663edc4f88a0f0c40e8d.jpg,https://upload.cdn.baselinker.com/products/5020043/be192240b7d5420050ae8ea080f57568.jpg,"<section class=""section"">
	<div class=""item item-12"">
		<section class=""text-item"">
<p><b>Nike Skarpety Everyday Lightweight XL, 6 par, czarne, bawełniane</b></p>
<p>Nike</p>
		</section>
	</div>
</section>

<section class=""section"">
	<div class=""item item-12"">
		<section class=""image-item""><img src=""https://sportgrand.pl/hpeciai/844f2b61263fde2993512584441e15bc/pol_pm_Skarpety-Nike-Everyday-Lightweight-NS-6Pak-M-SX7679-010-81080_1.jpg"" /></section>
	</div>
</section>

<section class=""section"">
",,"{""Wzór dominujący"": ""logo"", ""Waga produktu z opakowaniem jednostkowym"": ""0.19"", ""Cechy dodatkowe"": ""brak"", ""Zestaw"": ""tak"", ""Materiał dominujący"": ""bawełna"", ""Fason"": ""skarpetki"", ""Nazwa koloru producenta"": ""010"", ""Skład materiałowy"": ""bawełna"", ""Linia"": ""regular"", ""Liczba sztuk w zestawie"": ""6"", ""Kod producenta"": ""888408294739"", ""Kolor"": ""czarny"", ""Kolor dodatkowy"": ""biały"", ""EAN"": ""0888408294739"", ""Stan"": ""Nowy"", ""Marka"": ""Nike"", ""Rozmiar"": ""46 i większe"", ""Model"": ""SX7679 010""}",0,12.0,15.0,-20.33,False,Margin -20.33% < 15.0% threshold
195243825814,Nike Air Jordan 1 Retro High OG Czarny-Czerwony Rozmiar 41 męski,,195243825814,600.0,500.0,0,2,https://sole-au.com/cdn/shop/products/air-jordan-1-low-dark-teal-sole-au-1.jpg?v=1705923567&width=1800,,,,,,,,0,12.0,15.0,2.17,False,Margin 2.17% < 15.0% threshold
2MS8C1NW,"Nike Air Force 1 Mid '07 - Czarny, Rozmiar 38.5, Damskie Sneakersy",,0194954230177,360.0,300.0,0,2,https://upload.cdn.baselinker.com/products/5020043/07070c14a39db86868162ff07a6b4a31.jpg,https://upload.cdn.baselinker.com/products/5020043/cde4e7d1fe20daff042d013eeeaeade3.jpg,https://upload.cdn.baselinker.com/products/5020043/02716aa78500066b29f7354671e5acb0.jpg,https://upload.cdn.baselinker.com/products/5020043/7cdb9ee4354ff4a0f4b7bbb430b402f6.jpg,https://upload.cdn.baselinker.com/products/5020043/4c1815d3e74bb9238899454d4f77c3db.jpg,"<section class=""section"">
	<div class=""item item-6"">
		<section class=""image-item""><img src=""https://upload.cdn.baselinker.com/products/5020043/9d56c822a19bc6dbfe978a46818761b0.jpg"" /></section>
	</div>
	<div class=""item item-6"">
		<section class=""text-item"">
<h1>NIKE AIR FORCE 1</h1> <p>Numer katalogowy -DH2933 001</p> <p>Rozmiar - <b>38,5</b></p> <p>Długość wkładki -<b> 24cm</b></p> <p>Kolor - Czarny</p> <p><b>Zalety:</b></p> <ul> <li>Lekkie i wygodne</li> <li>Maksymalny komfort, dzięki wygodn",,"{""Stan opakowania"": ""oryginalne"", ""Kod producenta"": ""DH2933 001"", ""Długość wkładki"": ""24"", ""Kolor"": ""czarny"", ""Materiał zewnętrzny"": ""skóra naturalna"", ""Wysokość"": ""wysokie"", ""Zapięcie"": ""sznurowane"", ""Materiał wkładki"": ""tkanina"", ""Waga produktu z opakowaniem jednostkowym"": ""1"", ""Płeć"": ""kobieta"", ""Kolor podeszwy"": ""czarny"", ""Wzór dominujący"": ""logo"", ""Materiał podeszwy"": ""tworzywo sztuczne"", ""Cechy dodatkowe"": ""brak"", ""Nosek"": ""okrągły"", ""Ocieplenie"": ""nie"", ""Rozmiar US"": ""6"", ""EAN"": ""0194954230177"", ""Stan"": ""Nowy"", ""Marka"": ""Nike"", ""Model"": ""Air Force 1 Mid Le"", ""Rozmiar"": ""38,5"", ""Waga"": ""1""}",1,12.0,15.0,0.5,False,Margin 0.5% < 15.0% threshold
X00241HTDH,Holika Holika Krem Super Cera 60ml - Długotrwałe Nawilżenie do Twarzy,,8806334369477,69.6,58.0,0,2,https://co.nice-cdn.com/upload/image/product/large/default/holika-holika-good-cera-super-cream-60-ml-506723-en.jpg,https://upload.cdn.baselinker.com/products/5020043/d87df27b42a5460e10f8eb692c00376b.jpg,https://upload.cdn.baselinker.com/products/5020043/9827104bafcd683ae6b83959098ddddb.jpg,https://upload.cdn.baselinker.com/products/5020043/d5ff189fc9aa44d6771bfb58fba176a4.jpg,https://upload.cdn.baselinker.com/products/5020043/0441dbab0be0f915076f9362c1f86652.jpg,"<section class=""section"">
	<div class=""item item-12"">
		<section class=""text-item"">
<p><b>Holika Holika Skin &amp; Good Cera Super Cream długotrwale nawilżający krem do twarzy 60ml</b></p>
		</section>
	</div>
</section>

<section class=""section"">
	<div class=""item item-12"">
		<section class=""image-item""><img src=""https://co.nice-cdn.com/upload/image/product/large/default/holika-holika-good-cera-super-cream-60-ml-506723-en.jpg"" /></section>
	</div>
</section>

<section class=""section"">
	<div cla","The Good Cera Super Cream provides the skin with precious vitamins and minerals which in turn shield it against moisture loss. The hypoallergenic formula penetrates the skin to restore its natural balance. Ceramides function as the foundation of the skin barrier and protect it against harmful environmental influences whilst promoting an even-looking complexion. Oat extracts support the skin's defences and aloe vera regenerates it.

The cream has a slightly acidic pH value of 5.5 and is quickly a","{""Stan opakowania"": ""oryginalne"", ""Waga produktu z opakowaniem jednostkowym"": ""0.25"", ""Typ skóry"": ""Do wszystkich typów skóry"", ""Działanie"": ""nawilżający"", ""Wielkość"": ""Produkt pełnowymiarowy"", ""Produkt nie zawiera"": ""parabenów|substancji zapachowych"", ""Opakowanie"": ""słoiczek"", ""Grupa wiekowa"": ""20+"", ""Konsystencja"": ""krem"", ""Rodzaj"": ""dzień i noc"", ""Zapach"": ""bezzapachowy"", ""Składnik wiodący"": ""Ceramidy"", ""Informacje o bezpieczeństwie"": ""CE"", ""Kod producenta"": ""8806334369477"", ""Faktor (SPF)"": ""5"", ""Linia"": ""Skin & Good"", ""EAN"": ""8806334369477"", ""Stan"": ""Nowy"", ""Marka"": ""Holika Holika"", ""Pojemność"": ""60""}",0,12.0,15.0,-16.89,False,Margin -16.89% < 15.0% threshold
0085715322432,Mgiełka do ciała SEDUCTIVE RED - uwodzicielski zapach dla kobiet,,0085715322432,27.32,22.77,8,2,https://img01.ztat.net/article/spp-media-p1/6975ef1732f34807ae98e366cceb00d9/b964c121d91c47fe83f572df87d9a37a.jpg?imwidth=1800&filter=packshot,,,,,,,,0,12.0,15.0,-50.25,False,Margin -50.25% < 15.0% threshold
196244182913,"Vans Unisex Pakiet Alumni Pack 5 z nadrukiem, szachownica czarno-biała, uniwersalny rozmiar",,196244182913,93.6,78.0,0,2,https://images-na.ssl-images-amazon.com/images/I/61OBC0kgoIL.jpg,https://a.allegroimg.com/original/29978e/4bcc8f164779aa28f53a10de1ccf,https://a.allegroimg.com/original/294c7e/bb3910334f4890eaa8382f0b241b,https://a.allegroimg.com/original/29f715/ba202dd24839bed8ab94f285f1fb,https://a.allegroimg.com/original/290d65/0ab8cd4e4245be35f65cd4a7e83a,"<section class=""section"">
	<div class=""item item-6"">
		<section class=""text-item"">
<p><b>Marka:</b> VANS</p> <p><b>Model: </b>Alumni Pack 5</p> <p><b>Wymiary:&nbsp;</b>19 ""wys. x 13,4"" szer. x 6,5"" głęb.</p> <p><b>Materiał:</b>&nbsp;60% poliester z recyklingu, 40% poliester</p>
		</section>
	</div>
	<div class=""item item-6"">
		<section class=""image-item""><img src=""https://images-na.ssl-images-amazon.com/images/I/61OBC0kgoIL.jpg"" /></section>
	</div>
</section>

<section class=""section"">
	<div cl",,"{""Płeć"": ""uniseks"", ""Rodzaj"": ""sportowy"", ""Kolor"": ""wielokolorowy"", ""Kolor dodatkowy"": ""biały"", ""Nazwa koloru producenta"": ""Black/White"", ""Wzór dominujący"": ""logo"", ""Materiał dominujący"": ""poliester"", ""Wielkość"": ""duża (mieszcząca A4)"", ""Wysokość"": ""46"", ""Głębokość (krótszy bok)"": ""14"", ""Szerokość (dłuższy bok)"": ""33"", ""Zapięcie"": ""zamek"", ""Liczba komór"": ""1"", ""Liczba kieszeni"": ""1"", ""Kod producenta"": ""VN0A7UDTY281"", ""Cechy dodatkowe"": ""na zamek"", ""Waga produktu z opakowaniem jednostkowym"": ""1"", ""EAN"": ""0196244182913"", ""Stan"": ""Nowy"", ""Marka"": ""Vans"", ""Pojemność"": ""19"", ""Model"": ""Alumni""}",0.386,12.0,15.0,-11.36,False,Margin -11.36% < 15.0% threshold
AR4997-410_XL,NIKE Sportswear Club XL,,193150904738,60.0,50.0,0,2,https://www.zoltansport.pl/eng_pl_Koszulka-meska-Nike-Club-Tee-granatowa-AR4997-410-53584_1.jpg,https://upload.cdn.baselinker.com/products/5020043/d53dae89e31acce6bb639a0b9e50706a.jpg,https://upload.cdn.baselinker.com/products/5020043/8666634223d33e3363e4c1d048edf309.jpg,https://upload.cdn.baselinker.com/products/5020043/40e73007123757cc83ccd35345fa21a9.jpg,https://upload.cdn.baselinker.com/products/5020043/21462ebd1c3e1d522a3f513b1164cb96.jpg,"<section class=""section"">
	<div class=""item item-12"">
		<section class=""text-item"">
<p><b>NIKE Sportswear Club XL</b></p>
<p>Nike</p>
		</section>
	</div>
</section>

<section class=""section"">
	<div class=""item item-6"">
		<section class=""text-item"">
<p><b>Oryginalna Klasyczna Koszulka Męska Regular Fit</b></p>
<p><b>marki Nike</b></p>
<p><b>Outletowa Okazja -50%</b></p>
<p>Bez ubrudzeń oraz bez defektu. Asortyment pochodzi ze stocku z poprzedniej kolekcji, klasyczna i stylowa koszulka znanej i r",,"{""Waga produktu z opakowaniem jednostkowym"": ""0.3"", ""Płeć"": ""mężczyzna"", ""Kolor"": ""niebieski"", ""Odcień"": ""granatowy"", ""Nazwa koloru producenta"": ""Granatowe"", ""Dekolt"": ""okrągły"", ""Linia"": ""regular"", ""Materiał dominujący"": ""bawełna"", ""Skład materiałowy"": ""100% bawełna"", ""Liczba kieszeni"": ""2"", ""Wzór dominujący"": ""bez wzoru"", ""Długość całkowita"": ""79"", ""Szerokość pod pachami"": ""58"", ""Kod producenta"": ""AR4997 410"", ""EAN"": ""193150904738"", ""Stan"": ""Nowy"", ""Rozmiar"": ""XL"", ""Marka"": ""Nike"", ""Model"": ""AR4997-410""}",0.3,12.0,15.0,-20.33,False,Margin -20.33% < 15.0% threshold
769915196016,The Ordinary Retinol 1% in Squalane,,769915196016,35.77,29.81,0,2,https://images-na.ssl-images-amazon.com/images/I/51u6l4ZYAlL.jpg,https://upload.cdn.baselinker.com/products/5020043/79aa205643f42271df7288fa4a0e53e8.jpg,https://upload.cdn.baselinker.com/products/5020043/72d2f1b1d4726bea90f1dfb140d2b761.jpg,https://upload.cdn.baselinker.com/products/5020043/899a6dc736c8a351ad3599b9363450b1.jpg,https://upload.cdn.baselinker.com/products/5020043/7b2364f50a42ca7d24fb570273457e8b.jpg,"<section class=""section"">
	<div class=""item item-12"">
		<section class=""text-item"">
<p><b>The Ordinary Retinol 1% in Squalane</b></p>
<p>The Ordinary</p>
		</section>
	</div>
</section>

<section class=""section"">
	<div class=""item item-12"">
		<section class=""image-item""><img src=""https://images-na.ssl-images-amazon.com/images/I/51u6l4ZYAlL.jpg"" /></section>
	</div>
</section>

<section class=""section"">
	<div class=""item item-12"">
		<section class=""text-item"">
<h1>Retinol 1% in Squalane serum odm",,"{""Stan opakowania"": ""oryginalne"", ""Działanie"": ""odżywiający"", ""Kod producenta"": ""769915196016"", ""Opakowanie"": ""butelka z pipetą"", ""Produkt nie zawiera"": ""alkoholu"", ""Typ skóry"": ""Dojrzała|Do wszystkich typów skóry|Problematyczna"", ""Wielkość"": ""Produkt pełnowymiarowy"", ""EAN"": ""769915196016"", ""Stan"": ""Nowy"", ""Marka"": ""The Ordinary""}",80,12.0,15.0,-37.27,False,Margin -37.27% < 15.0% threshold
VN000H4Y6PH1,VANS Plecak Old Skool z Wygodnym Zapięciem - Klasyczny Styl i Funkcjonalność,,197643567622,110.4,92.0,0,2,https://upload.cdn.baselinker.com/products/5020043/d00fceea8747b6204111f78975376d95.jpg,https://upload.cdn.baselinker.com/products/5020043/fe43df4ba9637fad4c33ce43f4c93202.jpg,https://upload.cdn.baselinker.com/products/5020043/9e3359f5378a3153584ae5592d0dba78.jpg,https://upload.cdn.baselinker.com/products/5020043/e28188ba283005881453502e7d43d435.jpg,https://upload.cdn.baselinker.com/products/5020043/8256f500359fb41e86876ec751fcdb78.jpg,"<section class=""section"">
	<div class=""item item-12"">
		<section class=""text-item"">
<p><b>VANS Plecak Old Skool z Wygodnym Zapięciem - Klasyczny Styl i Funkcjonalność</b></p>
<p>Vans</p>
		</section>
	</div>
</section>

<section class=""section"">
	<div class=""item item-12"">
		<section class=""image-item""><img src=""https://upload.cdn.baselinker.com/products/5020043/d00fceea8747b6204111f78975376d95.jpg"" /></section>
	</div>
</section>

<section class=""section"">
	<div class=""item item-12"">
		<section",,"{""Płeć"": ""uniseks"", ""Rodzaj"": ""sportowy"", ""Kolor"": ""fioletowy"", ""Nazwa koloru producenta"": ""purple haze"", ""Wzór dominujący"": ""bez wzoru"", ""Materiał dominujący"": ""poliester"", ""Wielkość"": ""duża (mieszcząca A4)"", ""Wysokość"": ""42"", ""Głębokość (krótszy bok)"": ""12"", ""Szerokość (dłuższy bok)"": ""32"", ""Zapięcie"": ""zamek"", ""Liczba komór"": ""1"", ""Liczba kieszeni"": ""3"", ""Kod producenta"": ""VN000H4Y6PH1"", ""Cechy dodatkowe"": ""na zamek"", ""Waga produktu z opakowaniem jednostkowym"": ""0.3"", ""EAN"": ""197643567622"", ""Stan"": ""Nowy"", ""Marka"": ""Vans"", ""Pojemność"": ""22"", ""Model"": ""Vans Old Skool Classic Backpack""}",0,12.0,15.0,-8.92,False,Margin -8.92% < 15.0% threshold
DV0761-011,Nike Plecak Sportowy Academy Team 2.3 30L Czarny/Biały DV0761-011,,196154136839,114.0,95.0,9,2,https://www.sportbazar.pl/img/grande/2767161/plecak-nike-academy-team-2-3-czarny-dv0761-011.jpg,https://a.allegroimg.com/original/110db5/8445ef9d4f2585ca99da67944334,https://a.allegroimg.com/original/1194e6/6dfaf6ce4731951e9eff834dfdbc,https://a.allegroimg.com/original/11b104/46a59386453f8925f05f101c25e9,https://a.allegroimg.com/original/11f6cd/f02d135e44f2a4433d82784a5b2a,"<section class=""section"">
	<div class=""item item-12"">
		<section class=""text-item"">
<h1>Nike Academy Team Storm-FIT Backpack</h1> <p>Unisex Plecak UNI</p>
		</section>
	</div>
</section>

<section class=""section"">
	<div class=""item item-6"">
		<section class=""image-item""><img src=""https://www.sportbazar.pl/img/grande/2767161/plecak-nike-academy-team-2-3-czarny-dv0761-011.jpg"" /></section>
	</div>
	<div class=""item item-6"">
		<section class=""text-item"">
<p><b>Specyfikacja produktu:</b></p> <ul> <l",,"{""EAN"": ""0196154136839"", ""Kod producenta"": ""DV0761-011"", ""Rodzaj"": ""sportowy"", ""Kolor"": ""czarny"", ""Wzór dominujący"": ""bez wzoru"", ""Materiał dominujący"": ""poliester"", ""Płeć"": ""uniseks"", ""Kolor dodatkowy"": ""biały"", ""Nazwa koloru producenta"": ""Black/White"", ""Wielkość"": ""brak informacji"", ""Wysokość"": ""48"", ""Głębokość (krótszy bok)"": ""18"", ""Szerokość (dłuższy bok)"": ""33"", ""Zapięcie"": ""zamek"", ""Liczba komór"": ""1"", ""Liczba kieszeni"": ""3"", ""Cechy dodatkowe"": ""brak"", ""Waga produktu z opakowaniem jednostkowym"": ""0.56"", ""Stan"": ""Nowy"", ""Marka"": ""Nike"", ""Model"": ""ACADEMY TEAM STORM-FIT BACKPACK"", ""Pojemność"": ""30""}",0.4,12.0,15.0,-8.49,False,Margin -8.49% < 15.0% threshold
